TRUNCATE TABLE pedido;
TRUNCATE TABLE historial;
TRUNCATE TABLE prenda_proceso;
SET FOREIGN_KEY_CHECKS = 0; 
TRUNCATE table prenda; 
TRUNCATE table proceso;
SET FOREIGN_KEY_CHECKS = 1;
TRUNCATE TABLE cola;

--prenda
insert into usuario(usuario, password, nombre, tipo) values('hechuras', '1234', 'Hechuras', 'operador');
INSERT INTO prenda(id_prenda,nombre_prenda) VALUES (1,'Anillo');
INSERT INTO prenda(id_prenda,nombre_prenda) VALUES (2,'Cadena');
INSERT INTO prenda(id_prenda,nombre_prenda) VALUES (3,'Pulsera / Pulso');
INSERT INTO prenda(id_prenda,nombre_prenda) VALUES (4,'Esclava');
INSERT INTO prenda(id_prenda,nombre_prenda) VALUES (5,'Aro');
INSERT INTO prenda(id_prenda,nombre_prenda) VALUES (6,'Argolla');
INSERT INTO prenda(id_prenda,nombre_prenda) VALUES (7,'Arracada');
INSERT INTO prenda(id_prenda,nombre_prenda) VALUES (8,'Dije');
INSERT INTO prenda(id_prenda,nombre_prenda) VALUES (9,'Rosario');
INSERT INTO prenda(id_prenda,nombre_prenda) VALUES (10,'Arete');
INSERT INTO prenda(id_prenda,nombre_prenda) VALUES (11,'Broquel');
INSERT INTO prenda(id_prenda,nombre_prenda) VALUES (12,'Gargantilla');

--proceso
INSERT INTO proceso(id_proceso,nombre_proceso) VALUES (1,'1. Recortar/ enderezar/Soldar');
INSERT INTO proceso(id_proceso,nombre_proceso) VALUES (2,'2. Agrandar');
INSERT INTO proceso(id_proceso,nombre_proceso) VALUES (3,'3. Compostura');
INSERT INTO proceso(id_proceso,nombre_proceso) VALUES (4,'4. Poner piedra');
INSERT INTO proceso(id_proceso,nombre_proceso) VALUES (5,'5. Dorar');
INSERT INTO proceso(id_proceso,nombre_proceso) VALUES (6,'6. Platinar');
INSERT INTO proceso(id_proceso,nombre_proceso) VALUES (7,'7. Limpieza');
INSERT INTO proceso(id_proceso,nombre_proceso) VALUES (8,'8. Hacer brazo');
INSERT INTO proceso(id_proceso,nombre_proceso) VALUES (9,'9. Hechuras');
INSERT INTO proceso(id_proceso,nombre_proceso) VALUES (10,'10. Sobrepuesto');
INSERT INTO proceso(id_proceso,nombre_proceso) VALUES (11,'1. Recortar/Soldar');
INSERT INTO proceso(id_proceso,nombre_proceso) VALUES (12,'2. Hacer asas');
INSERT INTO proceso(id_proceso,nombre_proceso) VALUES (13,'3. Hacer/ajustar broche');
INSERT INTO proceso(id_proceso,nombre_proceso) VALUES (14,'4. Hacer terminales/eslabones');
INSERT INTO proceso(id_proceso,nombre_proceso) VALUES (15,'5. Dorar');
INSERT INTO proceso(id_proceso,nombre_proceso) VALUES (16,'6. Platinar');
INSERT INTO proceso(id_proceso,nombre_proceso) VALUES (17,'7. Limpieza');
INSERT INTO proceso(id_proceso,nombre_proceso) VALUES (18,'8. Hechuras');
INSERT INTO proceso(id_proceso,nombre_proceso) VALUES (19,'1. Recortar/Soldar');
INSERT INTO proceso(id_proceso,nombre_proceso) VALUES (20,'2. Poner broche');
INSERT INTO proceso(id_proceso,nombre_proceso) VALUES (21,'3. Poner asas');
INSERT INTO proceso(id_proceso,nombre_proceso) VALUES (22,'4. Poner perno');
INSERT INTO proceso(id_proceso,nombre_proceso) VALUES (23,'5. Dorar');
INSERT INTO proceso(id_proceso,nombre_proceso) VALUES (24,'6. Platinar');
INSERT INTO proceso(id_proceso,nombre_proceso) VALUES (25,'7. Limpieza');
INSERT INTO proceso(id_proceso,nombre_proceso) VALUES (26,'8. Hechuras');
INSERT INTO proceso(id_proceso,nombre_proceso) VALUES (27,'9. Agrandar');
INSERT INTO proceso(id_proceso,nombre_proceso) VALUES (28,'1. Recortar/Soldar');
INSERT INTO proceso(id_proceso,nombre_proceso) VALUES (29,'2. Hechuras simples');
INSERT INTO proceso(id_proceso,nombre_proceso) VALUES (30,'3. Borrar nombres');
INSERT INTO proceso(id_proceso,nombre_proceso) VALUES (31,'4. Poner piedras');
INSERT INTO proceso(id_proceso,nombre_proceso) VALUES (32,'5. Dorar');
INSERT INTO proceso(id_proceso,nombre_proceso) VALUES (33,'6. Platinar');
INSERT INTO proceso(id_proceso,nombre_proceso) VALUES (34,'7. Limpieza');
INSERT INTO proceso(id_proceso,nombre_proceso) VALUES (35,'8. Hechuras');
INSERT INTO proceso(id_proceso,nombre_proceso) VALUES (36,'1. Enderezar/soldar');
INSERT INTO proceso(id_proceso,nombre_proceso) VALUES (37,'2. Hechuras simples');
INSERT INTO proceso(id_proceso,nombre_proceso) VALUES (38,'3. Montar piedras');
INSERT INTO proceso(id_proceso,nombre_proceso) VALUES (39,'4. Poner sobrepuestos');
INSERT INTO proceso(id_proceso,nombre_proceso) VALUES (40,'5. Dorar');
INSERT INTO proceso(id_proceso,nombre_proceso) VALUES (41,'6. Platinar');
INSERT INTO proceso(id_proceso,nombre_proceso) VALUES (42,'7. Limpieza');
INSERT INTO proceso(id_proceso,nombre_proceso) VALUES (43,'8. Hechura');
INSERT INTO proceso(id_proceso,nombre_proceso) VALUES (44,'1. Recortar/Soldar');
INSERT INTO proceso(id_proceso,nombre_proceso) VALUES (45,'2. Montar piedras');
INSERT INTO proceso(id_proceso,nombre_proceso) VALUES (46,'3. Hechuras simples');
INSERT INTO proceso(id_proceso,nombre_proceso) VALUES (47,'4. Grabar');
INSERT INTO proceso(id_proceso,nombre_proceso) VALUES (48,'5. Dorar');
INSERT INTO proceso(id_proceso,nombre_proceso) VALUES (49,'6. Platinar');
INSERT INTO proceso(id_proceso,nombre_proceso) VALUES (50,'7. Limpieza');
INSERT INTO proceso(id_proceso,nombre_proceso) VALUES (51,'8. Agrandar');
INSERT INTO proceso(id_proceso,nombre_proceso) VALUES (52,'9. Hechuras');
INSERT INTO proceso(id_proceso,nombre_proceso) VALUES (53,'1. Soldar');
INSERT INTO proceso(id_proceso,nombre_proceso) VALUES (54,'2. Hacer arillo');
INSERT INTO proceso(id_proceso,nombre_proceso) VALUES (55,'3. Enderezar');
INSERT INTO proceso(id_proceso,nombre_proceso) VALUES (56,'4. Ajustar');
INSERT INTO proceso(id_proceso,nombre_proceso) VALUES (57,'5. Dorar');
INSERT INTO proceso(id_proceso,nombre_proceso) VALUES (58,'6. Platinar');
INSERT INTO proceso(id_proceso,nombre_proceso) VALUES (59,'7. Limpieza');
INSERT INTO proceso(id_proceso,nombre_proceso) VALUES (60,'8. Hechura');
INSERT INTO proceso(id_proceso,nombre_proceso) VALUES (61,'1. Soldar/enderezar');
INSERT INTO proceso(id_proceso,nombre_proceso) VALUES (62,'2. Hacer asa');
INSERT INTO proceso(id_proceso,nombre_proceso) VALUES (63,'3. Grabar');
INSERT INTO proceso(id_proceso,nombre_proceso) VALUES (64,'4. Hechuras simples');
INSERT INTO proceso(id_proceso,nombre_proceso) VALUES (65,'5. Dorar');
INSERT INTO proceso(id_proceso,nombre_proceso) VALUES (66,'6. Platinar');
INSERT INTO proceso(id_proceso,nombre_proceso) VALUES (67,'7. Limpieza');
INSERT INTO proceso(id_proceso,nombre_proceso) VALUES (68,'8. Hechuras');
INSERT INTO proceso(id_proceso,nombre_proceso) VALUES (69,'1. Soldar');
INSERT INTO proceso(id_proceso,nombre_proceso) VALUES (70,'2. Hacer asa/ reasa');
INSERT INTO proceso(id_proceso,nombre_proceso) VALUES (71,'3. Hechuras simples');
INSERT INTO proceso(id_proceso,nombre_proceso) VALUES (72,'4. Plateado');
INSERT INTO proceso(id_proceso,nombre_proceso) VALUES (73,'5. Dorar');
INSERT INTO proceso(id_proceso,nombre_proceso) VALUES (74,'6. Platinar');
INSERT INTO proceso(id_proceso,nombre_proceso) VALUES (75,'7. Limpieza');
INSERT INTO proceso(id_proceso,nombre_proceso) VALUES (76,'1. Soldar');
INSERT INTO proceso(id_proceso,nombre_proceso) VALUES (77,'2. Montar piedras');
INSERT INTO proceso(id_proceso,nombre_proceso) VALUES (78,'3. Hechuras simples');
INSERT INTO proceso(id_proceso,nombre_proceso) VALUES (79,'4. Hechura');
INSERT INTO proceso(id_proceso,nombre_proceso) VALUES (80,'5. Dorar');
INSERT INTO proceso(id_proceso,nombre_proceso) VALUES (81,'6. Platinar');
INSERT INTO proceso(id_proceso,nombre_proceso) VALUES (82,'7. Limpieza');
INSERT INTO proceso(id_proceso,nombre_proceso) VALUES (83,'8. Poner patente');
INSERT INTO proceso(id_proceso,nombre_proceso) VALUES (84,'1. Soldar');
INSERT INTO proceso(id_proceso,nombre_proceso) VALUES (85,'2. Hacer unia');
INSERT INTO proceso(id_proceso,nombre_proceso) VALUES (86,'3. Montar piedras');
INSERT INTO proceso(id_proceso,nombre_proceso) VALUES (87,'4. Poner bolita');
INSERT INTO proceso(id_proceso,nombre_proceso) VALUES (88,'5. Dorar');
INSERT INTO proceso(id_proceso,nombre_proceso) VALUES (89,'6. Platinar');
INSERT INTO proceso(id_proceso,nombre_proceso) VALUES (90,'7. Limpieza');
INSERT INTO proceso(id_proceso,nombre_proceso) VALUES (91,'1. Soldar/Recortar');
INSERT INTO proceso(id_proceso,nombre_proceso) VALUES (92,'2. Limpieza');


--prenda_proceso
INSERT INTO prenda_proceso(id,prenda,proceso,tiempo_estimado) VALUES (1,1,1,890);
INSERT INTO prenda_proceso(id,prenda,proceso,tiempo_estimado) VALUES (2,1,2,3080);
INSERT INTO prenda_proceso(id,prenda,proceso,tiempo_estimado) VALUES (3,1,3,1382);
INSERT INTO prenda_proceso(id,prenda,proceso,tiempo_estimado) VALUES (4,1,4,1757);
INSERT INTO prenda_proceso(id,prenda,proceso,tiempo_estimado) VALUES (5,1,5,410);
INSERT INTO prenda_proceso(id,prenda,proceso,tiempo_estimado) VALUES (6,1,6,410);
INSERT INTO prenda_proceso(id,prenda,proceso,tiempo_estimado) VALUES (7,1,7,470);
INSERT INTO prenda_proceso(id,prenda,proceso,tiempo_estimado) VALUES (8,1,8,4283);
INSERT INTO prenda_proceso(id,prenda,proceso,tiempo_estimado) VALUES (9,1,9,12625);
INSERT INTO prenda_proceso(id,prenda,proceso,tiempo_estimado) VALUES (10,1,10,2536);
INSERT INTO prenda_proceso(id,prenda,proceso,tiempo_estimado) VALUES (11,2,11,570);
INSERT INTO prenda_proceso(id,prenda,proceso,tiempo_estimado) VALUES (12,2,12,660);
INSERT INTO prenda_proceso(id,prenda,proceso,tiempo_estimado) VALUES (13,2,13,2026);
INSERT INTO prenda_proceso(id,prenda,proceso,tiempo_estimado) VALUES (14,2,14,4078);
INSERT INTO prenda_proceso(id,prenda,proceso,tiempo_estimado) VALUES (15,2,15,360);
INSERT INTO prenda_proceso(id,prenda,proceso,tiempo_estimado) VALUES (16,2,16,540);
INSERT INTO prenda_proceso(id,prenda,proceso,tiempo_estimado) VALUES (17,2,17,480);
INSERT INTO prenda_proceso(id,prenda,proceso,tiempo_estimado) VALUES (18,2,18,17580);
INSERT INTO prenda_proceso(id,prenda,proceso,tiempo_estimado) VALUES (19,3,19,830);
INSERT INTO prenda_proceso(id,prenda,proceso,tiempo_estimado) VALUES (20,3,20,727);
INSERT INTO prenda_proceso(id,prenda,proceso,tiempo_estimado) VALUES (21,3,21,681);
INSERT INTO prenda_proceso(id,prenda,proceso,tiempo_estimado) VALUES (22,3,22,1109);
INSERT INTO prenda_proceso(id,prenda,proceso,tiempo_estimado) VALUES (23,3,23,360);
INSERT INTO prenda_proceso(id,prenda,proceso,tiempo_estimado) VALUES (24,3,24,540);
INSERT INTO prenda_proceso(id,prenda,proceso,tiempo_estimado) VALUES (25,3,25,480);
INSERT INTO prenda_proceso(id,prenda,proceso,tiempo_estimado) VALUES (26,3,26,3077);
INSERT INTO prenda_proceso(id,prenda,proceso,tiempo_estimado) VALUES (27,3,27,1041);
INSERT INTO prenda_proceso(id,prenda,proceso,tiempo_estimado) VALUES (28,4,28,689);
INSERT INTO prenda_proceso(id,prenda,proceso,tiempo_estimado) VALUES (29,4,29,1024);
INSERT INTO prenda_proceso(id,prenda,proceso,tiempo_estimado) VALUES (30,4,30,722);
INSERT INTO prenda_proceso(id,prenda,proceso,tiempo_estimado) VALUES (31,4,31,3972);
INSERT INTO prenda_proceso(id,prenda,proceso,tiempo_estimado) VALUES (32,4,32,360);
INSERT INTO prenda_proceso(id,prenda,proceso,tiempo_estimado) VALUES (33,4,33,540);
INSERT INTO prenda_proceso(id,prenda,proceso,tiempo_estimado) VALUES (34,4,34,480);
INSERT INTO prenda_proceso(id,prenda,proceso,tiempo_estimado) VALUES (35,4,35,4525);
INSERT INTO prenda_proceso(id,prenda,proceso,tiempo_estimado) VALUES (36,5,36,965);
INSERT INTO prenda_proceso(id,prenda,proceso,tiempo_estimado) VALUES (37,5,37,1867);
INSERT INTO prenda_proceso(id,prenda,proceso,tiempo_estimado) VALUES (38,5,38,1202);
INSERT INTO prenda_proceso(id,prenda,proceso,tiempo_estimado) VALUES (39,5,39,2530);
INSERT INTO prenda_proceso(id,prenda,proceso,tiempo_estimado) VALUES (40,5,40,360);
INSERT INTO prenda_proceso(id,prenda,proceso,tiempo_estimado) VALUES (41,5,41,540);
INSERT INTO prenda_proceso(id,prenda,proceso,tiempo_estimado) VALUES (42,5,42,480);
INSERT INTO prenda_proceso(id,prenda,proceso,tiempo_estimado) VALUES (43,5,43,3511);
INSERT INTO prenda_proceso(id,prenda,proceso,tiempo_estimado) VALUES (44,6,44,873);
INSERT INTO prenda_proceso(id,prenda,proceso,tiempo_estimado) VALUES (45,6,45,1202);
INSERT INTO prenda_proceso(id,prenda,proceso,tiempo_estimado) VALUES (46,6,46,653);
INSERT INTO prenda_proceso(id,prenda,proceso,tiempo_estimado) VALUES (47,6,47,723);
INSERT INTO prenda_proceso(id,prenda,proceso,tiempo_estimado) VALUES (48,6,48,360);
INSERT INTO prenda_proceso(id,prenda,proceso,tiempo_estimado) VALUES (49,6,49,540);
INSERT INTO prenda_proceso(id,prenda,proceso,tiempo_estimado) VALUES (50,6,50,480);
INSERT INTO prenda_proceso(id,prenda,proceso,tiempo_estimado) VALUES (51,6,51,1520);
INSERT INTO prenda_proceso(id,prenda,proceso,tiempo_estimado) VALUES (52,6,52,9132);
INSERT INTO prenda_proceso(id,prenda,proceso,tiempo_estimado) VALUES (53,7,53,619);
INSERT INTO prenda_proceso(id,prenda,proceso,tiempo_estimado) VALUES (54,7,54,1113);
INSERT INTO prenda_proceso(id,prenda,proceso,tiempo_estimado) VALUES (55,7,55,2105);
INSERT INTO prenda_proceso(id,prenda,proceso,tiempo_estimado) VALUES (56,7,56,309);
INSERT INTO prenda_proceso(id,prenda,proceso,tiempo_estimado) VALUES (57,7,57,360);
INSERT INTO prenda_proceso(id,prenda,proceso,tiempo_estimado) VALUES (58,7,58,540);
INSERT INTO prenda_proceso(id,prenda,proceso,tiempo_estimado) VALUES (59,7,59,480);
INSERT INTO prenda_proceso(id,prenda,proceso,tiempo_estimado) VALUES (60,7,60,11728);
INSERT INTO prenda_proceso(id,prenda,proceso,tiempo_estimado) VALUES (61,8,61,542);
INSERT INTO prenda_proceso(id,prenda,proceso,tiempo_estimado) VALUES (62,8,62,966);
INSERT INTO prenda_proceso(id,prenda,proceso,tiempo_estimado) VALUES (63,8,63,1506);
INSERT INTO prenda_proceso(id,prenda,proceso,tiempo_estimado) VALUES (64,8,64,620);
INSERT INTO prenda_proceso(id,prenda,proceso,tiempo_estimado) VALUES (65,8,65,360);
INSERT INTO prenda_proceso(id,prenda,proceso,tiempo_estimado) VALUES (66,8,66,540);
INSERT INTO prenda_proceso(id,prenda,proceso,tiempo_estimado) VALUES (67,8,67,480);
INSERT INTO prenda_proceso(id,prenda,proceso,tiempo_estimado) VALUES (68,8,68,5134);
INSERT INTO prenda_proceso(id,prenda,proceso,tiempo_estimado) VALUES (69,9,69,745);
INSERT INTO prenda_proceso(id,prenda,proceso,tiempo_estimado) VALUES (70,9,70,1037);
INSERT INTO prenda_proceso(id,prenda,proceso,tiempo_estimado) VALUES (71,9,71,1520);
INSERT INTO prenda_proceso(id,prenda,proceso,tiempo_estimado) VALUES (72,9,72,420);
INSERT INTO prenda_proceso(id,prenda,proceso,tiempo_estimado) VALUES (73,9,73,360);
INSERT INTO prenda_proceso(id,prenda,proceso,tiempo_estimado) VALUES (74,9,74,540);
INSERT INTO prenda_proceso(id,prenda,proceso,tiempo_estimado) VALUES (75,9,75,480);
INSERT INTO prenda_proceso(id,prenda,proceso,tiempo_estimado) VALUES (76,10,76,927);
INSERT INTO prenda_proceso(id,prenda,proceso,tiempo_estimado) VALUES (77,10,77,1052);
INSERT INTO prenda_proceso(id,prenda,proceso,tiempo_estimado) VALUES (78,10,78,1040);
INSERT INTO prenda_proceso(id,prenda,proceso,tiempo_estimado) VALUES (79,10,79,4116);
INSERT INTO prenda_proceso(id,prenda,proceso,tiempo_estimado) VALUES (80,10,80,360);
INSERT INTO prenda_proceso(id,prenda,proceso,tiempo_estimado) VALUES (81,10,81,540);
INSERT INTO prenda_proceso(id,prenda,proceso,tiempo_estimado) VALUES (82,10,82,480);
INSERT INTO prenda_proceso(id,prenda,proceso,tiempo_estimado) VALUES (83,10,83,1754);
INSERT INTO prenda_proceso(id,prenda,proceso,tiempo_estimado) VALUES (84,11,84,785);
INSERT INTO prenda_proceso(id,prenda,proceso,tiempo_estimado) VALUES (85,11,85,913);
INSERT INTO prenda_proceso(id,prenda,proceso,tiempo_estimado) VALUES (86,11,86,920);
INSERT INTO prenda_proceso(id,prenda,proceso,tiempo_estimado) VALUES (87,11,87,327);
INSERT INTO prenda_proceso(id,prenda,proceso,tiempo_estimado) VALUES (88,11,88,360);
INSERT INTO prenda_proceso(id,prenda,proceso,tiempo_estimado) VALUES (89,11,89,540);
INSERT INTO prenda_proceso(id,prenda,proceso,tiempo_estimado) VALUES (90,11,90,480);
INSERT INTO prenda_proceso(id,prenda,proceso,tiempo_estimado) VALUES (91,12,91,506);
INSERT INTO prenda_proceso(id,prenda,proceso,tiempo_estimado) VALUES (92,12,92,480);
